[
  {
    "itemId": 115019,
    "containsItem": [
      {
        "Id": 104002,
        "Count": 40
      },
      {
        "Id": 202,
        "Count": 30000
      }
    ]
  },
  {
    "itemId": 115020,
    "containsItem": [
      {
        "Id": 104013,
        "Count": 25
      },
      {
        "Id": 202,
        "Count": 30000
      }
    ]
  },
  {
    "itemId": 115021,
    "containsItem": [
      {
        "Id": 115013,
        "Count": 5
      },
      {
        "Id": 104003,
        "Count": 40
      },
      {
        "Id": 202,
        "Count": 120000
      }
    ]
  },
  {
    "itemId": 115022,
    "containsItem": [
      {
        "Id": 115017,
        "Count": 25
      },
      {
        "Id": 202,
        "Count": 150000
      }
    ]
  },
  {
    "itemId": 115023,
    "containsItem": [
      {
        "Id": 115025,
        "Count": 10
      },
      {
        "Id": 202,
        "Count": 60000
      }
    ]
  },
  {
    "itemId": 115029,
    "containsItem": [
      {
        "Id": 104013,
        "Count": 100
      },
      {
        "Id": 202,
        "Count": 100000
      }
    ]
  },
  {
    "itemId": 115030,
    "containsItem": [
      {
        "Id": 104003,
        "Count": 12
      },
      {
        "Id": 202,
        "Count": 10000
      }
    ]
  },
  {
    "itemId": 115034,
    "containsItem": [
      {
        "Id": 115013,
        "Count": 6
      },
      {
        "Id": 202,
        "Count": 60000
      }
    ]
  },
  {
    "itemId": 115032,
    "containsItem": [
      {
        "Id": 115024,
        "Count": 12
      }
    ]
  },
  {
    "itemId": 115010,
    "containsItem": [
      {
        "Id": 104002,
        "Count": 80
      },
      {
        "Id": 104012,
        "Count": 40
      }
    ]
  },
  {
    "itemId": 115011,
    "containsItem": [
      {
        "Id": 104003,
        "Count": 50
      },
      {
        "Id": 104013,
        "Count": 25
      },
      {
        "Id": 107009,
        "Count": 1
      },
      {
        "Id": 202,
        "Count": 50000
      }
    ]
  }
]
